Zone,population,Évolution population (%),dispo_calories,dispo_proteines,ratio_proteines_animales(%),PIB_par_habitant,Production,taux_suffisance(٪),taux_dépendance_importations(٪)
Afghanistan,38041754.0,25.36,829645.0,20918.15,18.04,469.91909,28000000.0,41.7910447761194,65.67164179104478
Afrique du Sud,58558270.0,13.8,1057770.0,29116.05,44.04,6001.389576,1816000000.0,83.07410795974383,22.323879231473008
Albanie,2880917.0,-3.2,1218370.0,42347.299999999996,53.84,5303.197823,12000000.0,35.294117647058826,64.70588235294117
Algérie,43053054.0,17.93,1274945.0,33156.6,26.52,3975.510381,291000000.0,101.39372822299653,0.0
Allemagne,83517045.0,3.13,1299035.0,38047.6,60.15,46231.563366,1544000000.0,90.18691588785047,48.53971962616823
Angola,31825295.0,29.26,892425.0,19012.850000000002,29.83,2670.850732,49000000.0,14.984709480122325,85.01529051987767
Antigua-et-Barbuda,97118.0,10.68,907025.0,29492.0,63.51,17112.821135,0.0,0.0,100.0
Arabie saoudite,34268528.0,22.29,1205230.0,32685.75,39.87,23139.802114,800000000.0,55.82693649685974,45.35938590369854
Argentine,44780677.0,9.6,1205960.0,39036.75,63.48,10041.463303,2248000000.0,111.2871287128713,0.24752475247524752
Arménie,2957731.0,2.35,1103030.0,34415.850000000006,56.06,4622.733216,12000000.0,21.818181818181817,78.18181818181819
Australie,25203198.0,13.7,1247205.0,39398.1,67.55,54763.202388,1278000000.0,102.81576830249396,0.7240547063555913
Autriche,8955102.0,6.5,1347215.0,39766.75,59.19,49700.761833,132000000.0,74.57627118644068,63.84180790960452
Azerbaïdjan,10047718.0,11.18,1151210.0,35010.8,36.13,4781.946215,112000000.0,76.71232876712328,26.71232876712329
Bahamas,389482.0,10.24,958490.0,27776.499999999996,63.64,34863.742098,6000000.0,27.27272727272727,113.63636363636364
Bangladesh,163046161.0,10.5,958490.0,22385.45,19.92,1846.416377,260000000.0,100.0,0.0
Barbade,287025.0,2.06,1090985.0,32864.600000000006,56.39,18148.958511,16000000.0,88.88888888888889,11.11111111111111
Belgique,11539328.0,5.89,1387000.0,36624.1,60.37,46198.310321,448000000.0,239.57219251336898,171.12299465240642
Belize,390353.0,19.39,1001560.0,26842.100000000002,44.86,4815.171852,21000000.0,100.0,0.0
Bolivie (État plurinational de),11513100.0,14.14,899360.0,27145.050000000003,47.88,3552.06876,494000000.0,99.59677419354838,0.4032258064516129
Bosnie-Herzégovine,3301000.0,-13.18,1211800.0,35846.649999999994,36.12,6108.558032,70000000.0,125.0,19.642857142857142
Botswana,2303697.0,15.2,938050.0,26345.7,37.53,7961.365304,2000000.0,28.57142857142857,71.42857142857143
Brésil,211049527.0,8.13,1184790.0,34240.65,58.48,8755.271208,14137000000.0,142.6970828706975,0.050469365095387096
Bulgarie,7000119.0,-6.76,1041710.0,30017.6,50.36,9703.487814,109000000.0,67.70186335403726,68.94409937888199
Burkina Faso,20321378.0,25.49,997545.0,29258.399999999998,13.56,786.895614,44000000.0,100.0,0.0
Burundi,11530580.0,27.17,640210.0,15581.849999999999,5.93,260.381563,7000000.0,140.0,0.0
Bélarus,9452411.0,0.2,1202675.0,33452.25,54.32,6673.531291,467000000.0,172.32472324723247,3.6900369003690034
Bénin,11801151.0,24.2,1012875.0,22965.8,20.52,1220.492825,15000000.0,12.396694214876034,96.69421487603306
Cabo Verde,549935.0,11.5,942795.0,26243.500000000004,36.13,3603.782576,1000000.0,10.0,130.0
Cambodge,16486542.000000002,14.51,985500.0,23918.45,28.57,1643.641451,28000000.0,77.77777777777779,2.7777777777777777
Cameroun,25876380.0,23.52,1011050.0,26290.95,15.29,1501.808291,84000000.0,98.82352941176471,2.3529411764705883
Canada,37411047.0,9.8,1291735.0,39620.75,56.31,46550.335507,1504000000.0,97.85296031229667,11.646063760572543
Chili,18952038.0,10.9,1123470.0,34262.55,52.79,14896.453867,769000000.0,113.08823529411765,20.147058823529413
Chine - RAS de Hong-Kong,7436154.0,6.88,1181140.0,47249.24999999999,74.66,49180.094302,19000000.0,4.318181818181818,175.6818181818182
Chine - RAS de Macao,640445.0,17.81,1208880.0,39168.15,64.46,84096.705446,3000000.0,13.636363636363635,145.45454545454547
"Chine, continentale",1433783686.0,5.06,1221655.0,38434.5,39.17,10003.555003,20442000000.0,102.20488975551223,3.9748012599370033
Chypre,1198575.0,8.38,1111790.0,33718.7,50.23,28284.907631,27000000.0,77.14285714285715,42.857142857142854
Colombie,50339443.0,11.1,1092080.0,26542.8,52.37,6432.387583,1693000000.0,93.63938053097345,6.360619469026549
Comores,850886.0,20.88,834025.0,21013.05,32.36,1370.149168,1000000.0,20.0,0.0
Congo,5380508.0,22.96,796795.0,19385.15,48.03,2304.126508,7000000.0,6.1946902654867255,94.69026548672566
Costa Rica,5047561.0,10.44,1093540.0,29506.600000000002,57.25,12238.375054,145000000.0,103.57142857142858,10.714285714285714
Croatie,4130304.0,-5.11,1141720.0,34131.15,61.1,14627.294714,54000000.0,78.26086956521739,43.47826086956522
Cuba,11333483.0,0.94,1231875.0,30145.350000000002,41.42,9295.901636,25000000.0,7.861635220125786,92.45283018867924
Côte d'Ivoire,25716544.0,22.0,1036965.0,21633.550000000003,24.16,2276.340329,53000000.0,98.14814814814815,1.8518518518518516
Danemark,5771876.0,4.25,1248665.0,42113.7,66.49,60656.938517,158000000.0,108.21917808219179,97.26027397260275
Dominique,71808.0,1.33,1069085.0,29736.55,55.31,8110.516934,0.0,0.0,100.0
El Salvador,6453553.0,4.58,999735.0,28386.05,35.28,4187.250031,147000000.0,89.63414634146342,11.585365853658537
Espagne,46736776.0,0.33,1222020.0,39617.100000000006,62.94,29815.717809,1631000000.0,103.81922342457032,11.966900063653723
Estonie,1325648.0,-0.79,1155955.0,37357.75,63.43,23740.163796,20000000.0,68.96551724137932,86.20689655172413
Eswatini,1148130.0,7.9,928560.0,21910.95,30.32,4001.578285,6000000.0,75.0,25.0
Fidji,889953.0,4.08,1043535.0,28433.500000000004,46.52,6185.100338,35000000.0,89.74358974358975,12.82051282051282
Finlande,5532156.0,3.43,1211800.0,42876.55,62.15,48678.365212,139000000.0,118.80341880341881,14.529914529914532
Fédération de Russie,145872256.0,1.74,1227495.0,38262.95,53.3,11605.566389,4606000000.0,99.95659722222221,5.034722222222222
Gabon,2172579.0,27.78,961045.0,28809.45,47.62,7773.19892,4000000.0,5.263157894736842,94.73684210526315
Gambie,2347706.0,25.87,906295.0,22929.3,29.37,776.444497,2000000.0,7.6923076923076925,96.15384615384616
Ghana,30417856.0,20.54,1136610.0,22542.399999999998,23.66,2202.629207,66000000.0,30.136986301369863,69.86301369863014
Grenade,112003.0,5.55,904835.0,26466.15,58.64,10817.732726,0.0,0.0,87.5
Grèce,10473455.0,-4.64,1239540.0,39182.75,58.23,19604.489125,230000000.0,85.50185873605948,29.36802973977695
Guatemala,17581472.0,18.57,932940.0,25436.85,31.31,4363.138793,234000000.0,64.64088397790056,37.84530386740331
Guinée,12771246.0,21.98,1039885.0,20983.850000000002,20.61,967.360684,11000000.0,31.428571428571427,114.28571428571428
Guinée-Bissau,1920922.0,22.75,813950.0,15797.2,19.41,688.351615,3000000.0,60.0,60.0
Guyana,782766.0,4.48,1073100.0,31809.750000000004,43.59,6609.587274,39000000.0,121.875,3.125
Géorgie,3996765.0,-3.07,1043900.0,28875.15,42.3,4439.323978,22000000.0,32.35294117647059,79.41176470588235
Haïti,11263077.0,13.01,788035.0,17392.25,22.96,714.830247,9000000.0,8.91089108910891,90.0990099009901
Honduras,9746117.0,16.37,977470.0,22732.2,34.2,2574.908102,218000000.0,93.96551724137932,6.4655172413793105
Hongrie,9684679.0,-2.84,1237715.0,32660.2,56.17,16879.138985,532000000.0,171.06109324758842,24.437299035369776
Inde,1366417754.0,10.88,942065.0,23677.550000000003,23.8,2116.177386,4232000000.0,100.14197823000472,0.0
Indonésie,270625568.0,11.83,1050835.0,24652.100000000002,36.33,4135.569274,3539000000.0,162.63786764705884,0.0
Iran (République islamique d'),82913906.0,12.05,1096825.0,30338.800000000003,30.1,7282.005946,2292000000.0,102.23015165031222,0.17841213202497772
Iraq,39309783.0,26.3,954475.0,23641.05,19.27,5729.677358,101000000.0,49.029126213592235,52.42718446601942
Irlande,4882495.0,7.95,1391015.0,40533.25,57.05,81636.578555,154000000.0,111.59420289855073,68.84057971014492
Islande,339031.0,6.77,1327505.0,52538.1,72.69,71344.613669,10000000.0,90.9090909090909,18.181818181818183
Israël,8519377.0,15.6,1298670.0,46026.5,60.56,46376.46651,617000000.0,100.81699346405229,0.0
Italie,60550075.0,2.39,1279325.0,38157.100000000006,53.19,33089.573308,1358000000.0,115.96925704526046,8.02732707087959
Jamaïque,2948279.0,5.17,1011050.0,28137.850000000002,49.66,5369.49399,134000000.0,82.20858895705521,19.631901840490798
Japon,126860301.0,-1.34,982215.0,32127.3,55.86,40063.485352,2298000000.0,90.04702194357367,42.86833855799373
Jordanie,10101694.0,31.76,923085.0,23257.8,39.47,4405.480596,185000000.0,78.05907172995781,26.160337552742618
Kazakhstan,18551427.0,13.52,1215815.0,37996.5,54.64,9792.625928,214000000.0,60.281690140845065,51.267605633802816
Kenya,52573973.0,22.2,804825.0,22334.35,24.78,1816.523795,89000000.0,104.70588235294119,0.0
Kirghizistan,6415850.0,16.85,995720.0,30970.249999999996,41.13,1317.770772,8000000.0,19.047619047619047,80.95238095238095
Kiribati,117606.0,14.18,1120915.0,25677.749999999996,50.01,1656.944815,1000000.0,50.0,100.0
Koweït,4207083.0,32.95,1258885.0,36872.299999999996,48.91,31999.271891,56000000.0,27.450980392156865,75.49019607843137
Lesotho,2125268.0,6.36,799350.0,22454.800000000003,29.31,1157.536027,2000000.0,12.5,118.75
Lettonie,1906743.0,-12.48,1187345.0,34499.799999999996,58.41,17885.427445,35000000.0,87.5,120.0
Liban,6855713.0,29.8,1047550.0,26064.649999999998,35.42,7784.316857,126000000.0,105.88235294117648,13.445378151260504
Libye,6777452.0,9.49,1146465.0,30353.399999999998,37.41,4810.082385,124000000.0,62.0,38.0
Libéria,4937374.0,23.96,784385.0,15370.15,25.31,522.999168,16000000.0,30.76923076923077,69.23076923076923
Lituanie,2759627.0,-14.77,1244650.0,42354.600000000006,58.5,19795.215752,100000000.0,117.64705882352942,57.647058823529406
Luxembourg,615729.0,19.36,1278960.0,39766.75,61.08,115480.86757,0.0,0.0,100.0
Macédoine du Nord,2083458.9999999998,0.69,1129675.0,30758.55,43.68,6093.14769,1000000.0,2.380952380952381,97.61904761904762
Madagascar,26969307.0,23.73,697880.0,15570.9,20.77,522.989511,85000000.0,100.0,0.0
Malaisie,31949777.0,13.19,1069815.0,28298.45,55.78,11414.293654,1717000000.0,137.5801282051282,5.8493589743589745
Malawi,18628747.0,24.16,949000.0,25553.65,20.87,434.772494,136000000.0,100.0,0.0
Mali,19658031.0,25.82,1054120.0,29353.3,22.31,886.794271,55000000.0,114.58333333333333,2.083333333333333
Malte,440372.0,6.54,1233335.0,38456.4,57.78,33752.370516,4000000.0,30.76923076923077,69.23076923076923
Maroc,36471769.0,12.46,1228225.0,36189.75,28.15,3282.007597,861000000.0,114.64713715046604,0.9320905459387484
Maurice,1269668.0,2.02,1107045.0,31806.1,47.83,11168.6188,51000000.0,92.72727272727272,7.2727272727272725
Mauritanie,4525696.0,25.02,1049375.0,30265.8,37.69,1677.917728,5000000.0,16.666666666666664,103.33333333333334
Mexique,127575529.0,11.85,1154495.0,33452.25,48.98,9848.604353,3515000000.0,77.37178076161128,22.73827867048206
Mongolie,3225167.0,17.1,1051200.0,37865.1,71.1,4295.235029,0.0,0.0,140.0
Monténégro,627987.0,0.8,1284800.0,40876.35,60.25,8825.344514,4000000.0,40.0,70.0
Mozambique,30366036.0,24.6,777450.0,17264.5,15.39,503.745209,112000000.0,93.33333333333333,20.0
Myanmar,54045420.0,7.02,1039155.0,35613.049999999996,47.39,1420.740813,1817000000.0,99.94499449944995,0.055005500550055
Namibie,2494530.0,16.58,903010.0,23936.7,35.0,4957.358577,11000000.0,37.93103448275862,106.89655172413792
Nicaragua,6545502.0,12.22,956300.0,24042.550000000003,28.84,1912.899162,140000000.0,106.87022900763358,5.343511450381679
Niger,23310715.0,32.03,957395.0,30959.3,12.27,554.579943,19000000.0,73.07692307692307,11.538461538461538
Nigéria,200963599.0,23.21,936225.0,21217.45,12.06,2361.206967,240000000.0,95.23809523809523,4.761904761904762
Norvège,5378857.0,10.26,1258885.0,42442.2,55.39,74985.515257,107000000.0,98.1651376146789,2.7522935779816518
Nouvelle-Calédonie,282750.0,11.55,1041710.0,32222.2,57.93,34941.501541,1000000.0,9.090909090909092,90.9090909090909
Nouvelle-Zélande,4783063.0,9.61,1178220.0,35204.25,57.68,43229.343479,240000000.0,107.62331838565022,0.4484304932735426
Népal,28608710.0,6.03,1052295.0,27338.500000000004,18.09,1073.621801,63000000.0,100.0,0.0
Oman,4974986.0,42.19,1077115.0,30904.55,48.35,15343.062004,7000000.0,6.1946902654867255,101.76991150442478
Ouganda,44269594.0,29.05,786940.0,15746.1,23.44,736.603087,69000000.0,101.47058823529412,0.0
Ouzbékistan,32981716.0,14.91,1174935.0,36635.05,42.88,1756.163496,64000000.0,80.0,26.25
Pakistan,216565318.0,18.95,906295.0,24104.600000000002,43.64,1186.69208,1523000000.0,143.13909774436092,0.0
Panama,4246439.0,15.71,1086605.0,32072.550000000003,55.15,15727.970387,224000000.0,91.05691056910568,8.94308943089431
Papouasie-Nouvelle-Guinée,8776109.0,18.59,819060.0,23473.15,55.84,2845.190636,7000000.0,20.588235294117645,88.23529411764706
Paraguay,7044636.0,12.5,1011050.0,25568.25,38.12,5406.483416,77000000.0,106.94444444444444,1.3888888888888888
Pays-Bas,17097130.0,2.75,1223845.0,39460.15,64.35,53052.814311,1036000000.0,695.3020134228188,404.02684563758385
Philippines,108116615.0,14.52,1025285.0,23819.9,40.22,3323.767006,1466000000.0,102.01809324982602,21.29436325678497
Pologne,37887768.0,-1.23,1280420.0,38310.399999999994,54.21,15727.030606,2558000000.0,220.70750647109577,7.5927523727351165
Polynésie française,279287.0,5.02,1066165.0,34886.7,64.61,21566.946149,1000000.0,5.88235294117647,100.0
Portugal,10226187.0,-3.7,1262170.0,42975.1,63.91,23350.353854,350000000.0,104.4776119402985,26.865671641791046
Pérou,32510453.0,11.44,1016890.0,32320.75,48.49,6977.76782,1763000000.0,103.09941520467835,4.152046783625731
Roumanie,19364557.0,-6.58,1309620.0,39328.75,50.65,12914.107396,507000000.0,108.79828326180257,27.896995708154503
Royaume-Uni de Grande-Bretagne et d'Irlande du Nord,67530172.0,6.96,1239175.0,38759.35,55.43,41854.503068,1902000000.0,81.42123287671232,34.16095890410959
Rwanda,12626950.0,22.52,808110.0,21472.95,14.45,820.091211,19000000.0,90.47619047619048,0.0
République arabe syrienne,17070135.0,-24.23,1007400.0,27042.850000000002,29.14,1193.853039,122000000.0,89.05109489051095,16.78832116788321
République centrafricaine,4745185.0,8.59,682550.0,18578.5,41.3,467.907246,7000000.0,53.84615384615385,46.15384615384615
République de Corée,51225308.0,3.67,1260345.0,36135.0,54.4,32143.085012,951000000.0,87.64976958525345,17.050691244239633
République de Moldova,4043263.0,-1.34,980755.0,25491.600000000002,39.48,2956.883244,43000000.0,64.17910447761194,34.32835820895522
République dominicaine,10738958.0,10.82,1084050.0,25473.350000000002,50.19,8282.123087,355000000.0,86.79706601466992,13.202933985330073
République démocratique du Congo,86790567.0,28.05,698245.0,9457.15,12.39,545.216205,10000000.0,7.142857142857142,92.85714285714286
République démocratique populaire lao,7169455.0,14.24,1008130.0,27411.499999999996,24.39,2625.387111,36000000.0,90.0,10.0
République populaire démocratique de Corée,25666161.0,4.82,765405.0,20082.300000000003,18.56,639.55639,44000000.0,107.31707317073172,14.634146341463413
République-Unie de Tanzanie,58005463.0,25.74,866510.0,21929.2,18.97,1085.115284,81000000.0,94.18604651162791,6.976744186046512
Saint-Kitts-et-Nevis,52823.0,8.0,931845.0,26024.5,61.73,19896.495704,0.0,0.0,100.0
Saint-Vincent-et-les Grenadines,110589.0,2.08,1076385.0,33382.899999999994,56.93,7463.537831,0.0,0.0,88.88888888888889
Sainte-Lucie,182790.0,5.78,961045.0,30769.5,58.2,11611.422134,1000000.0,16.666666666666664,83.33333333333334
Samoa,197097.0,6.36,1129675.0,32663.85,59.43,4285.485317,0.0,0.0,117.64705882352942
Sao Tomé-et-Principe,215056.0,18.22,876730.0,19914.4,32.53,1961.24581,1000000.0,33.33333333333333,100.0
Serbie,8772235.0,-2.86,1045725.0,31601.7,50.58,7359.348533,104000000.0,92.85714285714286,15.178571428571427
Seychelles,97739.0,7.1,1139895.0,34967.0,52.9,17381.651083,1000000.0,25.0,75.0
Sierra Leone,7813215.0,19.72,851180.0,18370.45,22.07,527.533632,20000000.0,62.5,62.5
Slovaquie,5457013.0,1.02,1063610.0,25940.55,53.58,19255.895672,71000000.0,73.95833333333334,108.33333333333333
Slovénie,2078654.0,2.16,1149385.0,34799.1,54.52,26062.16682,70000000.0,140.0,46.0
Sri Lanka,21323733.0,5.63,992435.0,24611.95,28.12,3939.684198,189000000.0,100.53191489361701,0.0
Suisse,8591365.0,10.21,1233335.0,35463.4,63.1,85134.954826,99000000.0,66.44295302013423,30.201342281879196
Suriname,581372.0,10.02,1006670.0,24834.600000000002,47.82,6359.634834,11000000.0,36.666666666666664,63.33333333333333
Suède,10036379.0,7.21,1162160.0,39456.5,64.15,52895.9567,158000000.0,66.10878661087865,35.146443514644346
Sénégal,16296364.0,24.31,949365.0,23502.35,22.77,1452.134664,114000000.0,99.1304347826087,0.0
Tadjikistan,9321018.0,20.99,906660.0,26148.6,32.44,894.012934,16000000.0,42.10526315789473,31.57894736842105
Tchad,15946876.0,27.51,829280.0,28491.9,34.68,706.825833,7000000.0,100.0,28.57142857142857
Tchéquie,10689209.0,1.88,1199390.0,31671.05,60.03,23451.735721,170000000.0,65.63706563706563,44.78764478764479
Thaïlande,69625582.0,3.96,1024920.0,22202.95,43.09,7784.73908,1775000000.0,198.54586129753915,0.44742729306487694
Timor-Leste,1293119.0,16.92,814680.0,17585.7,21.73,1560.50984,1000000.0,9.090909090909092,100.0
Togo,8082366.0,22.66,899360.0,20732.0,17.06,899.490744,44000000.0,64.70588235294117,36.76470588235294
Trinité-et-Tobago,1394973.0,5.31,1080035.0,31043.25,51.73,16637.259813,62000000.0,69.66292134831461,28.08988764044944
Tunisie,11694719.0,10.0,1277135.0,36777.4,28.22,3317.515276,223000000.0,109.85221674876848,0.49261083743842365
Turkménistan,5942089.0,15.72,1050835.0,32839.05,40.67,8124.494047,21000000.0,70.0,43.333333333333336
Turquie,83429615.0,14.51,1362910.0,40540.549999999996,35.77,9126.562459,2202000000.0,127.80034822983168,2.5536854323853744
Ukraine,43993638.0,-4.49,1108140.0,32882.85,49.66,3495.531163,1410000000.0,117.59799833194329,7.172643869891576
Uruguay,3461734.0,3.24,1171285.0,31941.15,54.67,16190.138438,31000000.0,91.17647058823529,17.647058823529413
Vanuatu,299882.0,23.22,950825.0,23538.85,41.03,3023.409445,1000000.0,25.0,100.0
Viet Nam,96462106.0,9.71,1072735.0,32196.649999999998,38.95,2715.275874,1089000000.0,86.70382165605095,16.162420382165603
Yémen,29161922.0,22.79,736935.0,19465.45,20.59,855.066811,192000000.0,54.54545454545454,39.77272727272727
Zambie,17861030.0,26.01,827455.0,22224.85,22.71,1292.482076,51000000.0,78.46153846153847,35.38461538461539
Zimbabwe,14645468.0,14.47,623055.0,13946.65,27.38,1463.985913,52000000.0,96.29629629629629,1.8518518518518516
Égypte,100388073.0,19.18,1207055.0,34864.799999999996,24.79,3161.324684,1443000000.0,96.78068410462777,2.414486921529175
Émirats arabes unis,9770529.0,18.97,1125660.0,29356.95,44.4,43103.323058,45000000.0,6.933744221879815,105.70107858243452
Équateur,17373662.0,14.96,935495.0,23392.850000000002,50.99,6183.823825,312000000.0,99.68051118210862,0.0
États-Unis d'Amérique,329064917.0,6.92,1409630.0,41978.65,66.02,65133.731652,22858000000.0,118.4659238144597,0.6374708473697849
Éthiopie,112078730.0,23.95,890235.0,25750.75,9.07,827.544333,77000000.0,98.71794871794873,1.282051282051282
Îles Salomon,669823.0,23.09,880015.0,19290.25,29.93,1944.818169,0.0,0.0,100.0
